h2,a
Python 3.14 Preview: Template Strings (T-Strings),Start Here
Podcasts,Learn Python
Explore Real Python,Python Tutorials →In-depth articles and video courses
New Releases,Learning Paths →Guided study plans for accelerated learning
Implementing the Factory Method Pattern in Python,Quizzes & Exercises →Check your learning progress
Use TorchAudio to Prepare Audio Data for Deep Learning,Browse Topics →Focus on a specific area or skill level
Your Guide to the Python print() Function,Community Chat →Learn with other Pythonistas
Starting With DuckDB and Python,Office Hours →Live Q&A calls with Python experts
Python enumerate(): Simplify Loops That Need Counters,Podcast →Hear what’s new in the world of Python
Python Project: Build a Word Count Command-Line App,Books →Round out your knowledge and learn offline
Exploring Python's list Data Type With Examples,Reference →Concise definitions for common Python terms
Write Pythonic and Clean Code With namedtuple,Code Mentor →BetaPersonalized code assistance & learning tools
Defining Your Own Python Function,Unlock All Content →
Python Continuous Integration and Deployment Using GitHub Actions,More
Python Hits the Big Screen and Other Python News for June 2025,Learner Stories
How to Find an Absolute Value in Python,Python Newsletter
Execute Your Python Scripts With a Shebang,Python Job Board
How Can You Structure Your Python Script?,Meet the Team
Control Flow Structures in Python,Become a Tutorial Writer
The LEGB Rule & Understanding Python Scope,Become a Video Instructor
"marimo: A Reactive, Reproducible Notebook",Search
Nested Loops in Python,Join
,Sign‑In
,NEW
,Python 3.14 Preview: Template Strings (T-Strings)
,intermediate
,python
,Podcasts
,View All »
,Browse Topics
,Guided Learning Paths
,Basics
,Intermediate
,Advanced
,api
,best-practices
,career
,community
,databases
,data-science
,data-structures
,data-viz
,devops
,django
,docker
,editors
,flask
,front-end
,gamedev
,gui
,machine-learning
,numpy
,projects
,python
,testing
,tools
,web-dev
,web-scraping
,Learning PathsGuided study plans for accelerated learning
,Python TutorialsIn-depth articles and step-by-step video courses
,Quizzes & ExercisesEvaluate your Python knowledge with quick tests
,Browse TopicsFocus on a specific area or skill level
,Community ChatLearn with other Pythonistas
,Office HoursLive Q&A calls with experts from Real Python
,PodcastHear what’s new in the world of Python
,BooksRound out your knowledge and learn offline
,ReferenceConcise definitions for common Python terms
,Code MentorBetaPersonalized code assistance & intelligent learning tools
,New Releases
,View All »
,Implementing the Factory Method Pattern in Python
,intermediate
,best-practices
,Use TorchAudio to Prepare Audio Data for Deep Learning
,intermediate
,machine-learning
,Your Guide to the Python print() Function
,basics
,python
,Starting With DuckDB and Python
,intermediate
,databases
,data-science
,python
,Python enumerate(): Simplify Loops That Need Counters
,basics
,best-practices
,Python Project: Build a Word Count Command-Line App
,intermediate
,projects
,Remove ads
,Exploring Python's list Data Type With Examples
,intermediate
,data-structures
,python
,Write Pythonic and Clean Code With namedtuple
,intermediate
,data-structures
,python
,Defining Your Own Python Function
,basics
,python
,Python Continuous Integration and Deployment Using GitHub Actions
,advanced
,devops
,Python Hits the Big Screen and Other Python News for June 2025
,community
,How to Find an Absolute Value in Python
,basics
,python
,Execute Your Python Scripts With a Shebang
,intermediate
,best-practices
,How Can You Structure Your Python Script?
,basics
,python
,Control Flow Structures in Python
,intermediate
,python
,The LEGB Rule & Understanding Python Scope
,intermediate
,python
,"marimo: A Reactive, Reproducible Notebook"
,intermediate
,data-science
,editors
,python
,tools
,Nested Loops in Python
,basics
,python
,Start Here
,Learning Resources
,Code Mentor
,Python Reference
,Support Center
,Learning Paths
,Quizzes & Exercises
,Browse Topics
,Workshops
,Books
,Podcast
,Newsletter
,Community Chat
,Office Hours
,Learner Stories
,Plans & Pricing
,Team Plans
,For Business
,For Schools
,Reviews
,About Us
,Team
,Sponsorships
,Careers
,Press Kit
,Merch
,Privacy Policy
,Terms of Use
,Security
,Contact
